,Accuracy,Precision,Recall,F1-Score
XGBoost,0.9994683678894205,,,0.9994971178965376
