,Accuracy,Precision,Recall,F1-Score
Random Forest,0.4278,0.33462012054080015,0.33094819829010347,0.29929543373689677
XGBoost,0.4142,0.33062154014600975,0.3316876275745843,0.3141757160440682
Neural Network,0.3148,0.3338818234540895,0.3294132289317499,0.310572120257174
